Task,Actual,Pred,Rel Error
mmlu_avg_test_5shot,0.5161402368605137,0.4834258227956778,0.0480269941435724
hellaswag_val_5shot,0.831905996799469,0.8141337201864658,0.019265273879570034
arc_challenge_test_5shot,0.638054609298706,0.5743943101605645,0.10828124919099058
arc_easy_test_5shot,0.8717171669006347,0.7995691816374565,0.06391804336224485
piqa_val_5shot,0.8295973896980285,0.8202443793590908,0.010191631882043228
csqa_val_5shot,0.7410319447517395,0.7771695495264273,0.045687187141754536
socialiqa_val_5shot,0.6159672379493714,0.580997091440876,0.039679090957064386
openbookqa_test_5shot,0.4863999903202057,0.4703480510873823,0.07216824647730045
