Task,Actual,Pred,Rel Error
mmlu_avg_test_5shot,0.5161402368605137,0.5126799915287485,0.006704079791981557
hellaswag_val_5shot,0.831905996799469,0.8530359563499285,0.025399455745903063
arc_challenge_test_5shot,0.638054609298706,0.5267099358093748,0.1745064950031654
arc_easy_test_5shot,0.8717171669006347,0.7724156000459201,0.11391489192277633
piqa_val_5shot,0.8295973896980285,0.820804177694882,0.010599372794973767
csqa_val_5shot,0.7410319447517395,0.7760887505172276,0.04730808977099201
socialiqa_val_5shot,0.6159672379493714,0.5994822062474122,0.02676283848608537
openbookqa_test_5shot,0.4863999903202057,0.4486477676972386,0.07761559081881184
