Task,Actual,Pred,Rel Error,Fit Error
mmlu_avg_test_5shot,0.7488274373888968,0.7501562439156164,0.001774516344317021,0.00459955846280895
hellaswag_val_5shot,0.6609338879585266,0.6531765996418648,-0.011736859704110904,0.002564809550553303
arc_challenge_test_5shot,0.7157248377799987,0.783323889494342,0.09444838036363072,0.004845000187424237
arc_easy_test_5shot,0.5113906025886535,0.5931045976220826,0.15978783071060298,0.011775123423672772
piqa_val_5shot,0.8987890243530273,0.8747948863685431,-0.026696073643929813,0.003104357884309965
csqa_val_5shot,0.8115828037261963,0.6617282976368006,-0.18464475269975295,0.010454759586642956
socialiqa_val_5shot,0.9568508267402649,0.9915736909585439,0.03628869124414146,0.005396831679934047
openbookqa_test_5shot,1.2631986379623412,1.2750065398700043,0.0093476208355563,0.00594152057987821
