Task,Actual,Pred,Rel Error,Fit Error
mmlu_avg_test_5shot,1.2668692630529403,1.3246718710664325,0.04562634022250854,0.001525527661837929
hellaswag_val_5shot,1.217405915260315,1.2073804074666654,-0.008235139708111074,0.001918147459036929
arc_challenge_test_5shot,1.2290892601013184,1.2873005593386342,0.04736132771391824,0.0025127161102096165
arc_easy_test_5shot,1.052175760269165,1.0664261947952343,0.013543777631242628,0.002607325997413411
piqa_val_5shot,0.6491997241973877,0.6533586525376331,0.006406238612296355,0.001180834229250225
csqa_val_5shot,1.072838306427002,1.0405152886065612,-0.030128508300649594,0.005089956747718478
socialiqa_val_5shot,0.9580450057983398,0.9546324789295086,-0.0035619692688523942,0.0026146138167244147
openbookqa_test_5shot,1.235004186630249,1.235205952812828,0.0001633728733580904,0.002168932851634887
