Task,Actual,Pred,Rel Error,Fit Error
mmlu_avg_test_5shot,2.437876033782959,2.3443873053175697,-0.03834843411636423,0.0024730743790536483
hellaswag_val_5shot,2.437876033782959,2.3443873053175697,-0.03834843411636423,0.0024730743790536483
arc_challenge_test_5shot,2.437876033782959,2.3443873053175697,-0.03834843411636423,0.0024730743790536483
arc_easy_test_5shot,2.437876033782959,2.3443873053175697,-0.03834843411636423,0.0024730743790536483
piqa_val_5shot,2.437876033782959,2.3443873053175697,-0.03834843411636423,0.0024730743790536483
csqa_val_5shot,2.437876033782959,2.3443873053175697,-0.03834843411636423,0.0024730743790536483
socialiqa_val_5shot,2.437876033782959,2.3443873053175697,-0.03834843411636423,0.0024730743790536483
openbookqa_test_5shot,2.437876033782959,2.3443873053175697,-0.03834843411636423,0.0024730743790536483
