Task,Actual,Pred,Rel Error
mmlu_avg_test_5shot,0.5161402368605137,0.5137559254977586,-0.004619502980930033
hellaswag_val_5shot,0.831905996799469,0.8415671300246522,0.011613251091291348
arc_challenge_test_5shot,0.638054609298706,0.6030242849964447,-0.05490176513380831
arc_easy_test_5shot,0.8717171669006347,0.8193835327090995,-0.06003510792107718
piqa_val_5shot,0.8295973896980285,0.8074608283959512,-0.026683499221393358
csqa_val_5shot,0.7410319447517395,0.7172756908394468,-0.032058339833448836
socialiqa_val_5shot,0.6159672379493714,0.6337470338620458,0.028864840233817454
openbookqa_test_5shot,0.4863999903202057,0.4572227807036213,-0.05998604070155615
