Task,Actual,Pred,Rel Error
mmlu_avg_test_5shot,0.5161402368605137,0.49880172790850186,-0.033592631834858375
hellaswag_val_5shot,0.831905996799469,0.8485219040152576,0.019973299002187524
arc_challenge_test_5shot,0.638054609298706,0.6083256121819672,-0.04659318604314189
arc_easy_test_5shot,0.8717171669006347,0.8343144224932714,-0.04290697238457255
piqa_val_5shot,0.8295973896980285,0.8255902973723916,-0.0048301650600606014
csqa_val_5shot,0.7410319447517395,0.7670538281160689,0.03511573765291222
socialiqa_val_5shot,0.6159672379493714,0.6349378088932107,0.030798019399529527
openbookqa_test_5shot,0.4863999903202057,0.5022594822945337,0.032605864082948216
