Task,Actual,Pred,Rel Error
mmlu_avg_test_5shot,0.5141023624539374,0.505245781362978,-0.01722727172208406
hellaswag_val_5shot,0.8336984515190125,0.8873554796957226,0.06436023490141567
arc_challenge_test_5shot,0.6296928524971008,0.6347154650734036,0.007976289640870412
arc_easy_test_5shot,0.869528591632843,0.9463644763790839,0.08836498935814723
piqa_val_5shot,0.8291621208190918,0.821899392243074,-0.008759117660661246
csqa_val_5shot,0.7420147657394409,0.742003601181747,-1.5046274291823805e-05
socialiqa_val_5shot,0.626919150352478,0.6138131214709697,-0.02090545307818344
openbookqa_test_5shot,0.4779999852180481,0.4791791483674658,0.002466868589713005
