Task,Actual,Pred,Rel Error,Fit Error
mmlu_avg_test_5shot,0.5161402368605137,0.6842361496192606,0.3256787608368046,0.514545985200016
hellaswag_val_5shot,0.831905996799469,0.6842361496192606,-0.1775078527481804,0.09481474828098316
arc_challenge_test_5shot,0.638054609298706,0.6842361496192606,0.07237866422015705,0.5426300327927276
arc_easy_test_5shot,0.8717171669006347,0.9150022118385985,0.04965491856935954,0.006982745239965043
piqa_val_5shot,0.8295973896980285,0.8609492215195724,0.037791623034103175,0.0051394392922029805
csqa_val_5shot,0.7410319447517395,0.7186221087153903,-0.030241389990085927,0.05295632028056722
socialiqa_val_5shot,0.6159672379493714,0.624951045436327,0.014584878762162364,0.008693264257635624
openbookqa_test_5shot,0.4863999903202057,0.6842361496192606,0.406735532969102,0.5339885655992387
